member_casual,total_rides,avg_ride_minutes
casual,1786940,11.692810922582739
member,3520376,10.106242084178888
